seed,dataset,method,threshold,corruption,severity,accuracy,error_rate,nll,entropy,ece,runtime_sec,runtime_per_batch_sec,selected_fraction,num_samples,num_batches,batch_size,subset_size,tta_lr,tta_steps
3830,synthetic,source,,clean,0,0.9377999901771545,0.06220000982284546,0.23805561661720276,0.08164414018392563,0.03474429249763489,3.8127476,0.09531869,0.0,10000,40,256,,,
3830,synthetic,bn,,clean,0,0.9182000160217285,0.08179998397827148,0.3096482753753662,0.11178449541330338,0.04345767945051193,3.5217482,0.088043705,1.0,10000,40,256,,,
3830,synthetic,entropy,,clean,0,0.9241999983787537,0.07580000162124634,0.32061055302619934,0.07910691201686859,0.04940153658390045,7.204153999999999,0.18010384999999998,1.0,10000,40,256,,0.001,1
3830,synthetic,gated,0.5,clean,0,0.9229999780654907,0.07700002193450928,0.3193270266056061,0.07958296686410904,0.05002017319202423,7.2787448999999995,0.18196862249999998,0.9925,10000,40,256,,0.001,1
3830,synthetic,gated,0.7,clean,0,0.921999990940094,0.078000009059906,0.32293206453323364,0.07992635667324066,0.05031344294548035,7.274169699999998,0.18185424249999996,0.9597,10000,40,256,,0.001,1
3830,synthetic,gated,0.9,clean,0,0.9247000217437744,0.07529997825622559,0.30885550379753113,0.08256661891937256,0.04670447111129761,7.3081485999999956,0.18270371499999988,0.9122,10000,40,256,,0.001,1
3830,synthetic,source,,gaussian_noise,1,0.8766999840736389,0.12330001592636108,0.4963524043560028,0.1444644033908844,0.07234644889831543,6.097328100000006,0.15243320250000014,0.0,10000,40,256,,,
3830,synthetic,bn,,gaussian_noise,1,0.8835999965667725,0.11640000343322754,0.4550102949142456,0.14662376046180725,0.0656142309308052,6.634764100000005,0.16586910250000014,1.0,10000,40,256,,,
3830,synthetic,entropy,,gaussian_noise,1,0.8962000012397766,0.10379999876022339,0.44738829135894775,0.1034206822514534,0.06796325743198395,9.643790199999998,0.24109475499999994,1.0,10000,40,256,,0.001,1
3830,synthetic,gated,0.5,gaussian_noise,1,0.8964999914169312,0.10350000858306885,0.4459679126739502,0.10392958670854568,0.06750784814357758,8.817731599999995,0.22044328999999988,0.9884,10000,40,256,,0.001,1
3830,synthetic,gated,0.7,gaussian_noise,1,0.8970999717712402,0.10290002822875977,0.4434884786605835,0.10594206303358078,0.06578640639781952,8.493293100000002,0.21233232750000006,0.9454,10000,40,256,,0.001,1
3830,synthetic,gated,0.9,gaussian_noise,1,0.8984000086784363,0.10159999132156372,0.4346916377544403,0.10902339965105057,0.06242731213569641,8.454766300000003,0.21136915750000007,0.8848,10000,40,256,,0.001,1
3830,synthetic,source,,gaussian_noise,2,0.7692999839782715,0.23070001602172852,1.0365101099014282,0.22136946022510529,0.1521238088607788,4.9270396000000005,0.12317599000000001,0.0,10000,40,256,,,
3830,synthetic,bn,,gaussian_noise,2,0.8449000120162964,0.1550999879837036,0.6398499608039856,0.1882871389389038,0.08979484438896179,4.906946899999994,0.12267367249999986,1.0,10000,40,256,,,
3830,synthetic,entropy,,gaussian_noise,2,0.8720999956130981,0.12790000438690186,0.5810416340827942,0.1286073625087738,0.08322815597057343,8.948895500000006,0.22372238750000015,1.0,10000,40,256,,0.001,1
3830,synthetic,gated,0.5,gaussian_noise,2,0.8708000183105469,0.12919998168945312,0.5780420303344727,0.12871959805488586,0.08459005504846573,10.166078799999994,0.25415196999999984,0.9858,10000,40,256,,0.001,1
3830,synthetic,gated,0.7,gaussian_noise,2,0.8705999851226807,0.12940001487731934,0.5785078406333923,0.13068881630897522,0.08366303145885468,10.044257499999986,0.25110643749999967,0.9336,10000,40,256,,0.001,1
3830,synthetic,gated,0.9,gaussian_noise,2,0.8673999905586243,0.13260000944137573,0.5918412804603577,0.13359907269477844,0.08540304005146027,10.139363500000002,0.25348408750000007,0.8551,10000,40,256,,0.001,1
3830,synthetic,source,,gaussian_noise,3,0.5259000062942505,0.4740999937057495,2.5686817169189453,0.327790766954422,0.35531502962112427,6.2480428000000074,0.1562010700000002,0.0,10000,40,256,,,
3830,synthetic,bn,,gaussian_noise,3,0.7706000208854675,0.22939997911453247,0.975066602230072,0.25637128949165344,0.13889482617378235,6.186528299999992,0.1546632074999998,1.0,10000,40,256,,,
3830,synthetic,entropy,,gaussian_noise,3,0.8072999715805054,0.19270002841949463,0.8737627863883972,0.17377819120883942,0.13181248307228088,9.81224130000001,0.24530603250000027,1.0,10000,40,256,,0.001,1
3830,synthetic,gated,0.5,gaussian_noise,3,0.808899998664856,0.19110000133514404,0.8703159093856812,0.174997478723526,0.12947657704353333,10.1208685,0.2530217125,0.9759,10000,40,256,,0.001,1
3830,synthetic,gated,0.7,gaussian_noise,3,0.8059999942779541,0.1940000057220459,0.8774677515029907,0.179313525557518,0.13007257878780365,10.134265999999997,0.2533566499999999,0.9027,10000,40,256,,0.001,1
3830,synthetic,gated,0.9,gaussian_noise,3,0.8100000023841858,0.1899999976158142,0.8648123145103455,0.1785629689693451,0.1257573962211609,10.169969100000003,0.25424922750000006,0.8113,10000,40,256,,0.001,1
3830,synthetic,source,,gaussian_noise,4,0.2824999988079071,0.7175000011920929,4.753129959106445,0.3601413369178772,0.5857892036437988,6.335147599999999,0.15837869,0.0,10000,40,256,,,
3830,synthetic,bn,,gaussian_noise,4,0.6718000173568726,0.32819998264312744,1.4591683149337769,0.3392843008041382,0.20915910601615906,6.020203900000013,0.15050509750000032,1.0,10000,40,256,,,
3830,synthetic,entropy,,gaussian_noise,4,0.7239999771118164,0.2760000228881836,1.2937318086624146,0.2384166717529297,0.191793292760849,9.767431799999997,0.24418579499999993,1.0,10000,40,256,,0.001,1
3830,synthetic,gated,0.5,gaussian_noise,4,0.7257999777793884,0.2742000222206116,1.2828223705291748,0.23901520669460297,0.18960002064704895,9.863912800000008,0.24659782000000022,0.9635,10000,40,256,,0.001,1
3830,synthetic,gated,0.7,gaussian_noise,4,0.7214000225067139,0.27859997749328613,1.3033545017242432,0.2454671561717987,0.19130143523216248,10.051772,0.25129429999999997,0.8688,10000,40,256,,0.001,1
3830,synthetic,gated,0.9,gaussian_noise,4,0.7231000065803528,0.2768999934196472,1.2990490198135376,0.2489609569311142,0.18640971183776855,9.907657400000005,0.24769143500000013,0.7374,10000,40,256,,0.001,1
3830,synthetic,source,,gaussian_noise,5,0.1543000042438507,0.8456999957561493,6.34788179397583,0.38876017928123474,0.6966003179550171,6.231312900000006,0.15578282250000014,0.0,10000,40,256,,,
3830,synthetic,bn,,gaussian_noise,5,0.5569000244140625,0.4430999755859375,2.072296380996704,0.4290931522846222,0.29165351390838623,6.182103300000023,0.15455258250000056,1.0,10000,40,256,,,
3830,synthetic,entropy,,gaussian_noise,5,0.6241999864578247,0.3758000135421753,1.8866935968399048,0.30089807510375977,0.26867416501045227,9.677871200000027,0.24194678000000067,1.0,10000,40,256,,0.001,1
3830,synthetic,gated,0.5,gaussian_noise,5,0.6205000281333923,0.37949997186660767,1.8981287479400635,0.303729772567749,0.27121490240097046,9.790805200000023,0.24477013000000056,0.9481,10000,40,256,,0.001,1
3830,synthetic,gated,0.7,gaussian_noise,5,0.6280999779701233,0.3719000220298767,1.8651726245880127,0.3044756352901459,0.26240605115890503,9.866034800000023,0.24665087000000058,0.831,10000,40,256,,0.001,1
3830,synthetic,gated,0.9,gaussian_noise,5,0.6284000277519226,0.3715999722480774,1.8573585748672485,0.314809650182724,0.25798144936561584,9.80534849999998,0.2451337124999995,0.6749,10000,40,256,,0.001,1
3830,synthetic,source,,gaussian_blur,1,0.9280999898910522,0.07190001010894775,0.2740617096424103,0.08587624132633209,0.04150048643350601,5.338994000000014,0.13347485000000034,0.0,10000,40,256,,,
3830,synthetic,bn,,gaussian_blur,1,0.9151999950408936,0.08480000495910645,0.3152383267879486,0.11176840960979462,0.046266622841358185,5.395850699999983,0.13489626749999956,1.0,10000,40,256,,,
3830,synthetic,entropy,,gaussian_blur,1,0.9205999970436096,0.07940000295639038,0.3332301080226898,0.08065091818571091,0.052141837775707245,9.780100000000004,0.24450250000000012,1.0,10000,40,256,,0.001,1
3830,synthetic,gated,0.5,gaussian_blur,1,0.9194999933242798,0.08050000667572021,0.3321518301963806,0.08064889162778854,0.05321398377418518,9.453487300000006,0.23633718250000016,0.9936,10000,40,256,,0.001,1
3830,synthetic,gated,0.7,gaussian_blur,1,0.919700026512146,0.080299973487854,0.3289536237716675,0.08170901238918304,0.05169583112001419,9.465511399999968,0.2366377849999992,0.9585,10000,40,256,,0.001,1
3830,synthetic,gated,0.9,gaussian_blur,1,0.9222999811172485,0.07770001888275146,0.3255147635936737,0.0825272873044014,0.04867469519376755,9.487272700000005,0.23718181750000014,0.9104,10000,40,256,,0.001,1
3830,synthetic,source,,gaussian_blur,2,0.8181999921798706,0.1818000078201294,0.783229410648346,0.1704205423593521,0.11969510465860367,5.529362800000001,0.13823407000000004,0.0,10000,40,256,,,
3830,synthetic,bn,,gaussian_blur,2,0.9049000144004822,0.09509998559951782,0.3588446378707886,0.12070085108280182,0.0534626767039299,5.38152070000001,0.13453801750000025,1.0,10000,40,256,,,
3830,synthetic,entropy,,gaussian_blur,2,0.9082000255584717,0.09179997444152832,0.40153124928474426,0.0881345346570015,0.061822935938835144,8.49805550000002,0.21245138750000053,1.0,10000,40,256,,0.001,1
3830,synthetic,gated,0.5,gaussian_blur,2,0.9078999757766724,0.09210002422332764,0.3979034721851349,0.08863192051649094,0.06203027069568634,8.15628049999998,0.20390701249999948,0.992,10000,40,256,,0.001,1
3830,synthetic,gated,0.7,gaussian_blur,2,0.9071000218391418,0.09289997816085815,0.39770352840423584,0.08997296541929245,0.06167842820286751,8.329260200000022,0.20823150500000054,0.9559,10000,40,256,,0.001,1
3830,synthetic,gated,0.9,gaussian_blur,2,0.9100000262260437,0.0899999737739563,0.38372689485549927,0.09091056883335114,0.057406775653362274,7.9751993000000425,0.19937998250000105,0.9026,10000,40,256,,0.001,1
3830,synthetic,source,,gaussian_blur,3,0.40290001034736633,0.5970999896526337,3.56654953956604,0.39227095246315,0.44873368740081787,5.0885915999999725,0.1272147899999993,0.0,10000,40,256,,,
3830,synthetic,bn,,gaussian_blur,3,0.8561000227928162,0.14389997720718384,0.5689907670021057,0.17557086050510406,0.0826149582862854,5.2364431999999965,0.1309110799999999,1.0,10000,40,256,,,
3830,synthetic,entropy,,gaussian_blur,3,0.8690000176429749,0.13099998235702515,0.5750174522399902,0.12897156178951263,0.08731983602046967,8.919996100000049,0.2229999025000012,1.0,10000,40,256,,0.001,1
3830,synthetic,gated,0.5,gaussian_blur,3,0.8689000010490417,0.13109999895095825,0.5726712942123413,0.1293337345123291,0.08742333948612213,8.801687799999968,0.2200421949999992,0.9865,10000,40,256,,0.001,1
3830,synthetic,gated,0.7,gaussian_blur,3,0.8672999739646912,0.13270002603530884,0.5715342164039612,0.1318013221025467,0.08636043965816498,8.43584020000003,0.21089600500000075,0.9337,10000,40,256,,0.001,1
3830,synthetic,gated,0.9,gaussian_blur,3,0.871399998664856,0.12860000133514404,0.5608214139938354,0.1328621357679367,0.08098793774843216,8.991546400000004,0.2247886600000001,0.8576,10000,40,256,,0.001,1
3830,synthetic,source,,gaussian_blur,4,0.21279999613761902,0.787200003862381,5.480473041534424,0.39938732981681824,0.6331238746643066,5.017448400000035,0.12543621000000088,0.0,10000,40,256,,,
3830,synthetic,bn,,gaussian_blur,4,0.7421000003814697,0.2578999996185303,1.097364902496338,0.2728583812713623,0.16124358773231506,4.952268500000002,0.12380671250000005,1.0,10000,40,256,,,
3830,synthetic,entropy,,gaussian_blur,4,0.7646999955177307,0.2353000044822693,1.1032768487930298,0.2068878710269928,0.1619548499584198,9.106539199999986,0.22766347999999964,1.0,10000,40,256,,0.001,1
3830,synthetic,gated,0.5,gaussian_blur,4,0.7633000016212463,0.23669999837875366,1.1057580709457397,0.20742270350456238,0.16321364045143127,9.380760900000041,0.23451902250000103,0.9709,10000,40,256,,0.001,1
3830,synthetic,gated,0.7,gaussian_blur,4,0.762499988079071,0.23750001192092896,1.092937707901001,0.21148009598255157,0.16198381781578064,9.422602400000017,0.2355650600000004,0.8889,10000,40,256,,0.001,1
3830,synthetic,gated,0.9,gaussian_blur,4,0.7678999900817871,0.2321000099182129,1.060934066772461,0.2127746343612671,0.15530160069465637,9.245680099999959,0.23114200249999897,0.7768,10000,40,256,,0.001,1
3830,synthetic,source,,gaussian_blur,5,0.16949999332427979,0.8305000066757202,6.098252296447754,0.36029452085494995,0.6938604712486267,5.3973982999999635,0.1349349574999991,0.0,10000,40,256,,,
3830,synthetic,bn,,gaussian_blur,5,0.6189000010490417,0.38109999895095825,1.7681031227111816,0.36165982484817505,0.25360533595085144,5.39874599999996,0.134968649999999,1.0,10000,40,256,,,
3830,synthetic,entropy,,gaussian_blur,5,0.6463000178337097,0.3536999821662903,1.803589105606079,0.2661576569080353,0.260539710521698,9.105257499999993,0.22763143749999984,1.0,10000,40,256,,0.001,1
3830,synthetic,gated,0.5,gaussian_blur,5,0.6442999839782715,0.3557000160217285,1.804825782775879,0.26904526352882385,0.2616029977798462,9.033238199999971,0.22583095499999928,0.9613,10000,40,256,,0.001,1
3830,synthetic,gated,0.7,gaussian_blur,5,0.6470999717712402,0.35290002822875977,1.7873449325561523,0.2754974067211151,0.2545258402824402,9.135992999999985,0.2283998249999996,0.8508,10000,40,256,,0.001,1
3830,synthetic,gated,0.9,gaussian_blur,5,0.6507999897003174,0.3492000102996826,1.754433035850525,0.28170040249824524,0.24725863337516785,9.114055599999915,0.22785138999999788,0.7025,10000,40,256,,0.001,1
3830,synthetic,source,,motion_blur,1,0.7565000057220459,0.2434999942779541,1.1125259399414062,0.23062099516391754,0.16040989756584167,7.286547700000028,0.1821636925000007,0.0,10000,40,256,,,
3830,synthetic,bn,,motion_blur,1,0.8937000036239624,0.1062999963760376,0.4137377440929413,0.13547755777835846,0.05986316129565239,7.307451100000094,0.18268627750000235,1.0,10000,40,256,,,
3830,synthetic,entropy,,motion_blur,1,0.8974000215530396,0.10259997844696045,0.44561469554901123,0.09916742891073227,0.06882716715335846,10.711511900000005,0.26778779750000015,1.0,10000,40,256,,0.001,1
3830,synthetic,gated,0.5,motion_blur,1,0.8973000049591064,0.10269999504089355,0.44452518224716187,0.09943671524524689,0.06902551651000977,9.835315400000013,0.24588288500000033,0.9906,10000,40,256,,0.001,1
3830,synthetic,gated,0.7,motion_blur,1,0.8982999920845032,0.10170000791549683,0.4381312429904938,0.10064046829938889,0.06664204597473145,10.148850699999912,0.2537212674999978,0.9505,10000,40,256,,0.001,1
3830,synthetic,gated,0.9,motion_blur,1,0.8995000123977661,0.10049998760223389,0.4257594347000122,0.10247179865837097,0.06415700167417526,9.87615249999999,0.24690381249999974,0.8909,10000,40,256,,0.001,1
3830,synthetic,source,,motion_blur,2,0.499099999666214,0.500900000333786,2.5111801624298096,0.4030146300792694,0.3526877164840698,7.672112100000049,0.19180280250000123,0.0,10000,40,256,,,
3830,synthetic,bn,,motion_blur,2,0.8403000235557556,0.15969997644424438,0.650852382183075,0.1912844330072403,0.09238354861736298,5.391366299999959,0.13478415749999897,1.0,10000,40,256,,,
3830,synthetic,entropy,,motion_blur,2,0.8508999943733215,0.14910000562667847,0.6523275375366211,0.14471948146820068,0.0982949286699295,8.814888600000018,0.22037221500000043,1.0,10000,40,256,,0.001,1
3830,synthetic,gated,0.5,motion_blur,2,0.853600025177002,0.14639997482299805,0.6501627564430237,0.14521250128746033,0.09550410509109497,10.36846049999997,0.25921151249999924,0.9811,10000,40,256,,0.001,1
3830,synthetic,gated,0.7,motion_blur,2,0.8544999957084656,0.14550000429153442,0.6461776494979858,0.14626261591911316,0.0932328850030899,10.455588299999931,0.2613897074999983,0.9211,10000,40,256,,0.001,1
3830,synthetic,gated,0.9,motion_blur,2,0.857699990272522,0.14230000972747803,0.6361852288246155,0.14476782083511353,0.09003517031669617,10.312164199999984,0.2578041049999996,0.845,10000,40,256,,0.001,1
3830,synthetic,source,,motion_blur,3,0.33629998564720154,0.6637000143527985,3.6662867069244385,0.42777806520462036,0.5066338777542114,6.817867999999976,0.1704466999999994,0.0,10000,40,256,,,
3830,synthetic,bn,,motion_blur,3,0.7736999988555908,0.22630000114440918,0.9687069058418274,0.2532210648059845,0.13641035556793213,6.623826500000064,0.1655956625000016,1.0,10000,40,256,,,
3830,synthetic,entropy,,motion_blur,3,0.7914000153541565,0.2085999846458435,0.9530789852142334,0.18821759521961212,0.14269839227199554,10.748244399999976,0.2687061099999994,1.0,10000,40,256,,0.001,1
3830,synthetic,gated,0.5,motion_blur,3,0.789900004863739,0.210099995136261,0.9548277258872986,0.1892673522233963,0.1431480348110199,11.250421200000005,0.2812605300000001,0.9747,10000,40,256,,0.001,1
3830,synthetic,gated,0.7,motion_blur,3,0.7876999974250793,0.21230000257492065,0.9675095677375793,0.1931043565273285,0.1432657241821289,10.89665930000001,0.2724164825000003,0.8975,10000,40,256,,0.001,1
3830,synthetic,gated,0.9,motion_blur,3,0.7907999753952026,0.20920002460479736,0.9433322548866272,0.19309085607528687,0.13965106010437012,10.996362299999987,0.27490905749999967,0.7937,10000,40,256,,0.001,1
3830,synthetic,source,,motion_blur,4,0.2581000030040741,0.7418999969959259,4.426456928253174,0.39458733797073364,0.6010369062423706,7.057616099999905,0.17644040249999762,0.0,10000,40,256,,,
3830,synthetic,bn,,motion_blur,4,0.6991000175476074,0.3008999824523926,1.339860439300537,0.2996920049190521,0.19477204978466034,7.874305199999981,0.1968576299999995,1.0,10000,40,256,,,
3830,synthetic,entropy,,motion_blur,4,0.7245000004768372,0.27549999952316284,1.3248528242111206,0.22500483691692352,0.19593438506126404,10.500713800000085,0.26251784500000214,1.0,10000,40,256,,0.001,1
3830,synthetic,gated,0.5,motion_blur,4,0.7235000133514404,0.27649998664855957,1.3294823169708252,0.2265295833349228,0.19628924131393433,10.923051600000008,0.2730762900000002,0.9669,10000,40,256,,0.001,1
3830,synthetic,gated,0.7,motion_blur,4,0.7217000126838684,0.2782999873161316,1.3352490663528442,0.22947578132152557,0.1956171691417694,9.771383900000046,0.24428459750000114,0.8758,10000,40,256,,0.001,1
3830,synthetic,gated,0.9,motion_blur,4,0.72079998254776,0.27920001745224,1.336800456047058,0.23328626155853271,0.19461266696453094,9.13185969999995,0.22829649249999875,0.7556,10000,40,256,,0.001,1
3830,synthetic,source,,motion_blur,5,0.2264000028371811,0.7735999971628189,4.836060047149658,0.3757376968860626,0.6435701847076416,5.457128099999977,0.13642820249999943,0.0,10000,40,256,,,
3830,synthetic,bn,,motion_blur,5,0.6412000060081482,0.3587999939918518,1.6720649003982544,0.3443836569786072,0.23691165447235107,5.215025500000024,0.1303756375000006,1.0,10000,40,256,,,
3830,synthetic,entropy,,motion_blur,5,0.6690000295639038,0.3309999704360962,1.6678837537765503,0.25318655371665955,0.24129517376422882,9.196248699999956,0.2299062174999989,1.0,10000,40,256,,0.001,1
3830,synthetic,gated,0.5,motion_blur,5,0.6696000099182129,0.3303999900817871,1.672383189201355,0.2529985010623932,0.24129413068294525,9.163903800000071,0.22909759500000176,0.9627,10000,40,256,,0.001,1
3830,synthetic,gated,0.7,motion_blur,5,0.6679999828338623,0.3320000171661377,1.6769146919250488,0.25956836342811584,0.23860737681388855,10.130399900000043,0.25325999750000106,0.8595,10000,40,256,,0.001,1
3830,synthetic,gated,0.9,motion_blur,5,0.6703000068664551,0.3296999931335449,1.6652580499649048,0.2647365927696228,0.23326018452644348,9.555034700000078,0.23887586750000195,0.7194,10000,40,256,,0.001,1
3830,synthetic,source,,brightness,1,0.9297999739646912,0.07020002603530884,0.2716194689273834,0.09477657824754715,0.03805482015013695,4.47545070000001,0.11188626750000026,0.0,10000,40,256,,,
3830,synthetic,bn,,brightness,1,0.9081000089645386,0.09189999103546143,0.3511657118797302,0.1270044445991516,0.04762566462159157,3.9739869999999655,0.09934967499999914,1.0,10000,40,256,,,
3830,synthetic,entropy,,brightness,1,0.9140999913215637,0.08590000867843628,0.3604755699634552,0.08981696516275406,0.055247340351343155,7.933388000000036,0.19833470000000092,1.0,10000,40,256,,0.001,1
3830,synthetic,gated,0.5,brightness,1,0.9129999876022339,0.08700001239776611,0.36250269412994385,0.09008058160543442,0.056045353412628174,8.412505499999952,0.2103126374999988,0.9913,10000,40,256,,0.001,1
3830,synthetic,gated,0.7,brightness,1,0.9146000146865845,0.08539998531341553,0.34850993752479553,0.09109100699424744,0.054137036204338074,8.245026100000018,0.20612565250000045,0.9537,10000,40,256,,0.001,1
3830,synthetic,gated,0.9,brightness,1,0.9180999994277954,0.08190000057220459,0.342329740524292,0.09172617644071579,0.049493297934532166,7.86584490000007,0.19664612250000174,0.9051,10000,40,256,,0.001,1
3830,synthetic,source,,brightness,2,0.9085000157356262,0.09149998426437378,0.3510400056838989,0.11515526473522186,0.05101875960826874,4.073260000000005,0.10183150000000012,0.0,10000,40,256,,,
3830,synthetic,bn,,brightness,2,0.8881000280380249,0.1118999719619751,0.433300644159317,0.14773541688919067,0.062195174396038055,4.282279700000004,0.10705699250000009,1.0,10000,40,256,,,
3830,synthetic,entropy,,brightness,2,0.901199996471405,0.09880000352859497,0.4244263172149658,0.10133813321590424,0.06454705446958542,7.8132737999999335,0.19533184499999834,1.0,10000,40,256,,0.001,1
3830,synthetic,gated,0.5,brightness,2,0.9014000296592712,0.09859997034072876,0.422165185213089,0.10153128206729889,0.06493408232927322,8.185667999999964,0.2046416999999991,0.9885,10000,40,256,,0.001,1
3830,synthetic,gated,0.7,brightness,2,0.9020000100135803,0.09799998998641968,0.4148745536804199,0.10257552564144135,0.0626092478632927,8.436008000000015,0.21090020000000037,0.9488,10000,40,256,,0.001,1
3830,synthetic,gated,0.9,brightness,2,0.9027000069618225,0.09729999303817749,0.40987518429756165,0.10325239598751068,0.060369715094566345,8.416612299999997,0.21041530749999993,0.893,10000,40,256,,0.001,1
3830,synthetic,source,,brightness,3,0.8698999881744385,0.13010001182556152,0.5303364992141724,0.1547500044107437,0.07658025622367859,3.9803165999999237,0.09950791499999809,0.0,10000,40,256,,,
3830,synthetic,bn,,brightness,3,0.8533999919891357,0.14660000801086426,0.6018151640892029,0.18134371936321259,0.08342289924621582,3.9281372000000374,0.09820343000000094,1.0,10000,40,256,,,
3830,synthetic,entropy,,brightness,3,0.8737999796867371,0.12620002031326294,0.5528009533882141,0.1259019821882248,0.0821075290441513,8.021476500000063,0.20053691250000155,1.0,10000,40,256,,0.001,1
3830,synthetic,gated,0.5,brightness,3,0.8726999759674072,0.12730002403259277,0.5520758032798767,0.12690035998821259,0.08274735510349274,8.404020599999967,0.21010051499999918,0.9848,10000,40,256,,0.001,1
3830,synthetic,gated,0.7,brightness,3,0.8733000159263611,0.12669998407363892,0.5521374940872192,0.1296686828136444,0.08087404817342758,8.178766399999972,0.20446915999999932,0.9343,10000,40,256,,0.001,1
3830,synthetic,gated,0.9,brightness,3,0.8733999729156494,0.12660002708435059,0.541467010974884,0.1320703774690628,0.07942680269479752,8.09162600000002,0.2022906500000005,0.8608,10000,40,256,,0.001,1
3830,synthetic,source,,brightness,4,0.7990000247955322,0.20099997520446777,0.8444473743438721,0.2193373739719391,0.12350159883499146,4.4048387000000275,0.1101209675000007,0.0,10000,40,256,,,
3830,synthetic,bn,,brightness,4,0.7986000180244446,0.20139998197555542,0.8464037179946899,0.22966411709785461,0.1203702986240387,4.314701000000014,0.10786752500000034,1.0,10000,40,256,,,
3830,synthetic,entropy,,brightness,4,0.8289999961853027,0.17100000381469727,0.7741892337799072,0.16085804998874664,0.11492561548948288,7.978296300000011,0.19945740750000027,1.0,10000,40,256,,0.001,1
3830,synthetic,gated,0.5,brightness,4,0.8282999992370605,0.17170000076293945,0.7730779051780701,0.1620834767818451,0.11489278078079224,8.205609700000082,0.20514024250000204,0.9808,10000,40,256,,0.001,1
3830,synthetic,gated,0.7,brightness,4,0.8284000158309937,0.17159998416900635,0.7818946242332458,0.1646900326013565,0.11317960172891617,8.229119100000048,0.2057279775000012,0.9151,10000,40,256,,0.001,1
3830,synthetic,gated,0.9,brightness,4,0.8295000195503235,0.1704999804496765,0.7699591517448425,0.16697797179222107,0.11066167801618576,8.24397369999997,0.20609934249999923,0.8214,10000,40,256,,0.001,1
3830,synthetic,source,,brightness,5,0.7098000049591064,0.29019999504089355,1.3158559799194336,0.286866694688797,0.18908219039440155,4.376936300000011,0.10942340750000028,0.0,10000,40,256,,,
3830,synthetic,bn,,brightness,5,0.7282000184059143,0.2717999815940857,1.2119389772415161,0.286856472492218,0.1710054874420166,4.475265600000057,0.11188164000000142,1.0,10000,40,256,,,
3830,synthetic,entropy,,brightness,5,0.7652000188827515,0.23479998111724854,1.1149626970291138,0.20437321066856384,0.16267991065979004,8.070425600000021,0.20176064000000055,1.0,10000,40,256,,0.001,1
3830,synthetic,gated,0.5,brightness,5,0.7645999789237976,0.2354000210762024,1.1147170066833496,0.20580267906188965,0.16249489784240723,8.128571500000021,0.20321428750000053,0.9705,10000,40,256,,0.001,1
3830,synthetic,gated,0.7,brightness,5,0.7630000114440918,0.2369999885559082,1.1221842765808105,0.20923122763633728,0.16248753666877747,8.045427899999936,0.2011356974999984,0.8879,10000,40,256,,0.001,1
3830,synthetic,gated,0.9,brightness,5,0.7581999897956848,0.24180001020431519,1.148815631866455,0.21609102189540863,0.16353502869606018,8.16936219999991,0.20423405499999775,0.7734,10000,40,256,,0.001,1
3830,synthetic,source,,contrast,1,0.930400013923645,0.06959998607635498,0.2708953022956848,0.08338078111410141,0.04024014621973038,4.757017799999971,0.11892544499999928,0.0,10000,40,256,,,
3830,synthetic,bn,,contrast,1,0.9144999980926514,0.08550000190734863,0.3213252127170563,0.1181044802069664,0.045495036989450455,4.916719499999999,0.12291798749999998,1.0,10000,40,256,,,
3830,synthetic,entropy,,contrast,1,0.9225999712944031,0.07740002870559692,0.32885438203811646,0.0801926776766777,0.05022791028022766,8.886040600000115,0.22215101500000287,1.0,10000,40,256,,0.001,1
3830,synthetic,gated,0.5,contrast,1,0.9225999712944031,0.07740002870559692,0.326048344373703,0.08080153912305832,0.05051209032535553,9.351615300000049,0.23379038250000123,0.9926,10000,40,256,,0.001,1
3830,synthetic,gated,0.7,contrast,1,0.9221000075340271,0.0778999924659729,0.3253721594810486,0.08213986456394196,0.04937288910150528,9.4669308,0.23667327,0.9612,10000,40,256,,0.001,1
3830,synthetic,gated,0.9,contrast,1,0.9232000112533569,0.07679998874664307,0.3145459294319153,0.08541446179151535,0.046438783407211304,8.814161399999875,0.2203540349999969,0.9095,10000,40,256,,0.001,1
3830,synthetic,source,,contrast,2,0.9180999994277954,0.08190000057220459,0.3371347188949585,0.09591072052717209,0.048208802938461304,4.598706599999787,0.11496766499999467,0.0,10000,40,256,,,
3830,synthetic,bn,,contrast,2,0.9103000164031982,0.08969998359680176,0.3334060311317444,0.1273186206817627,0.04555540531873703,4.805715100000043,0.12014287750000108,1.0,10000,40,256,,,
3830,synthetic,entropy,,contrast,2,0.91839998960495,0.08160001039505005,0.3486652672290802,0.0812729224562645,0.054950106889009476,8.453985200000034,0.21134963000000084,1.0,10000,40,256,,0.001,1
3830,synthetic,gated,0.5,contrast,2,0.9180999994277954,0.08190000057220459,0.3463011085987091,0.08219882845878601,0.054072730243206024,8.40572700000007,0.21014317500000174,0.9919,10000,40,256,,0.001,1
3830,synthetic,gated,0.7,contrast,2,0.9215999841690063,0.07840001583099365,0.32694011926651,0.08483950793743134,0.0500248521566391,8.681620500000008,0.2170405125000002,0.9593,10000,40,256,,0.001,1
3830,synthetic,gated,0.9,contrast,2,0.9223999977111816,0.07760000228881836,0.31846868991851807,0.08841756731271744,0.0464802160859108,8.652300200000127,0.21630750500000318,0.9064,10000,40,256,,0.001,1
3830,synthetic,source,,contrast,3,0.8727999925613403,0.12720000743865967,0.5234328508377075,0.13719524443149567,0.07902124524116516,4.592024300000048,0.1148006075000012,0.0,10000,40,256,,,
3830,synthetic,bn,,contrast,3,0.9010999798774719,0.09890002012252808,0.3585512042045593,0.14239858090877533,0.049300096929073334,4.954120699999976,0.1238530174999994,1.0,10000,40,256,,,
3830,synthetic,entropy,,contrast,3,0.9120000004768372,0.08799999952316284,0.38946738839149475,0.087138831615448,0.058398470282554626,8.733681100000013,0.2183420275000003,1.0,10000,40,256,,0.001,1
3830,synthetic,gated,0.5,contrast,3,0.9143999814987183,0.08560001850128174,0.3683357834815979,0.08759656548500061,0.056131329387426376,8.348579299999983,0.20871448249999958,0.9904,10000,40,256,,0.001,1
3830,synthetic,gated,0.7,contrast,3,0.9151999950408936,0.08480000495910645,0.35253551602363586,0.0916464626789093,0.05267137661576271,8.6107085000001,0.2152677125000025,0.954,10000,40,256,,0.001,1
3830,synthetic,gated,0.9,contrast,3,0.9162999987602234,0.08370000123977661,0.3473917245864868,0.09503798186779022,0.049902964383363724,8.362377000000151,0.2090594250000038,0.9007,10000,40,256,,0.001,1
3830,synthetic,source,,contrast,4,0.7129999995231628,0.28700000047683716,1.2784167528152466,0.2769351899623871,0.1856633424758911,4.841519400000152,0.1210379850000038,0.0,10000,40,256,,,
3830,synthetic,bn,,contrast,4,0.8894000053405762,0.11059999465942383,0.39944136142730713,0.1642788201570511,0.05265066400170326,4.73438299999998,0.1183595749999995,1.0,10000,40,256,,,
3830,synthetic,entropy,,contrast,4,0.8980000019073486,0.10199999809265137,0.5176647901535034,0.09007012099027634,0.07118768990039825,8.859809199999972,0.22149522999999932,1.0,10000,40,256,,0.001,1
3830,synthetic,gated,0.5,contrast,4,0.897599995136261,0.10240000486373901,0.5124847888946533,0.09007638692855835,0.07151666283607483,8.568167299999914,0.21420418249999784,0.9892,10000,40,256,,0.001,1
3830,synthetic,gated,0.7,contrast,4,0.9007999897003174,0.09920001029968262,0.4832715690135956,0.0919589176774025,0.0673070102930069,8.567024499999889,0.21417561249999723,0.9551,10000,40,256,,0.001,1
3830,synthetic,gated,0.9,contrast,4,0.9075000286102295,0.09249997138977051,0.3811430037021637,0.1079239770770073,0.0537329725921154,8.540296000000126,0.21350740000000315,0.8947,10000,40,256,,0.001,1
3830,synthetic,source,,contrast,5,0.31779998540878296,0.682200014591217,3.609320640563965,0.48715996742248535,0.5125876665115356,5.086625700000013,0.12716564250000034,0.0,10000,40,256,,,
3830,synthetic,bn,,contrast,5,0.8751999735832214,0.12480002641677856,0.4619166851043701,0.1887856125831604,0.057396210730075836,4.807375800000045,0.12018439500000114,1.0,10000,40,256,,,
3830,synthetic,entropy,,contrast,5,0.8894000053405762,0.11059999465942383,0.5487013459205627,0.10140350461006165,0.07537045329809189,8.628077699999949,0.21570194249999872,1.0,10000,40,256,,0.001,1
3830,synthetic,gated,0.5,contrast,5,0.8889999985694885,0.11100000143051147,0.5842268466949463,0.10043785721063614,0.07616125047206879,8.724841200000128,0.2181210300000032,0.9854,10000,40,256,,0.001,1
3830,synthetic,gated,0.7,contrast,5,0.8884999752044678,0.11150002479553223,0.5612372756004333,0.1047545075416565,0.07429090142250061,9.050680400000147,0.22626701000000365,0.9456,10000,40,256,,0.001,1
3830,synthetic,gated,0.9,contrast,5,0.8906000256538391,0.10939997434616089,0.5399861931800842,0.1080535501241684,0.07055461406707764,8.73007349999989,0.21825183749999724,0.8881,10000,40,256,,0.001,1
3830,synthetic,source,,pixelate,1,0.7249000072479248,0.2750999927520752,1.2594977617263794,0.260063499212265,0.1831921637058258,4.518878000000086,0.11297195000000215,0.0,10000,40,256,,,
3830,synthetic,bn,,pixelate,1,0.8375999927520752,0.1624000072479248,0.6504986882209778,0.1996007114648819,0.0920959860086441,4.249653200000012,0.10624133000000029,1.0,10000,40,256,,,
3830,synthetic,entropy,,pixelate,1,0.859000027179718,0.14099997282028198,0.620635986328125,0.14008651673793793,0.09288103878498077,7.75579289999996,0.193894822499999,1.0,10000,40,256,,0.001,1
3830,synthetic,gated,0.5,pixelate,1,0.8597000241279602,0.1402999758720398,0.6178163290023804,0.1414724737405777,0.09120244532823563,8.082347800000207,0.20205869500000517,0.9833,10000,40,256,,0.001,1
3830,synthetic,gated,0.7,pixelate,1,0.8593999743461609,0.1406000256538391,0.6010580658912659,0.14549531042575836,0.08888743817806244,7.757173799999919,0.19392934499999798,0.9232,10000,40,256,,0.001,1
3830,synthetic,gated,0.9,pixelate,1,0.8578000068664551,0.14219999313354492,0.6127862334251404,0.14934684336185455,0.08888977766036987,8.084602399999994,0.20211505999999985,0.8363,10000,40,256,,0.001,1
3830,synthetic,source,,pixelate,2,0.49540001153945923,0.5045999884605408,2.8999922275543213,0.34786319732666016,0.3787502646446228,4.257782099999986,0.10644455249999965,0.0,10000,40,256,,,
3830,synthetic,bn,,pixelate,2,0.7389000058174133,0.26109999418258667,1.1064971685409546,0.28405168652534485,0.16042062640190125,4.186439299999847,0.10466098249999618,1.0,10000,40,256,,,
3830,synthetic,entropy,,pixelate,2,0.7825999855995178,0.21740001440048218,0.993705689907074,0.19764362275600433,0.1481952667236328,8.006425900000067,0.20016064750000168,1.0,10000,40,256,,0.001,1
3830,synthetic,gated,0.5,pixelate,2,0.7821000218391418,0.21789997816085815,0.9887537956237793,0.19978167116641998,0.1477310061454773,8.144055799999933,0.20360139499999833,0.9726,10000,40,256,,0.001,1
3830,synthetic,gated,0.7,pixelate,2,0.7814000248908997,0.21859997510910034,0.9859609603881836,0.20351651310920715,0.14625120162963867,8.002683599999955,0.20006708999999887,0.8934,10000,40,256,,0.001,1
3830,synthetic,gated,0.9,pixelate,2,0.7843000292778015,0.2156999707221985,0.9846411347389221,0.20668816566467285,0.14170679450035095,8.786583800000017,0.2196645950000004,0.7779,10000,40,256,,0.001,1
3830,synthetic,source,,pixelate,3,0.367900013923645,0.632099986076355,4.1901984214782715,0.41531863808631897,0.4804345369338989,4.357032899999922,0.10892582249999805,0.0,10000,40,256,,,
3830,synthetic,bn,,pixelate,3,0.6122999787330627,0.38770002126693726,1.7839781045913696,0.3802882432937622,0.25381579995155334,4.73721519999981,0.11843037999999524,1.0,10000,40,256,,,
3830,synthetic,entropy,,pixelate,3,0.6610000133514404,0.33899998664855957,1.666205883026123,0.27543652057647705,0.2415703982114792,8.20691429999988,0.205172857499997,1.0,10000,40,256,,0.001,1
3830,synthetic,gated,0.5,pixelate,3,0.6578999757766724,0.34210002422332764,1.6805298328399658,0.279182106256485,0.24314408004283905,8.011694499999976,0.2002923624999994,0.9575,10000,40,256,,0.001,1
3830,synthetic,gated,0.7,pixelate,3,0.6592000126838684,0.3407999873161316,1.6644824743270874,0.28484824299812317,0.23863491415977478,8.005127900000161,0.20012819750000405,0.8431,10000,40,256,,0.001,1
3830,synthetic,gated,0.9,pixelate,3,0.6577000021934509,0.3422999978065491,1.6855906248092651,0.28852203488349915,0.2380441129207611,8.036021299999902,0.20090053249999756,0.7006,10000,40,256,,0.001,1
3830,synthetic,source,,pixelate,4,0.2971000075340271,0.7028999924659729,5.030912399291992,0.42844536900520325,0.544405460357666,4.289330899999868,0.1072332724999967,0.0,10000,40,256,,,
3830,synthetic,bn,,pixelate,4,0.5112000107765198,0.4887999892234802,2.398254156112671,0.44171419739723206,0.3332620859146118,4.161465599999929,0.10403663999999821,1.0,10000,40,256,,,
3830,synthetic,entropy,,pixelate,4,0.5530999898910522,0.44690001010894775,2.405388116836548,0.33169928193092346,0.3292900323867798,7.748890200000005,0.19372225500000012,1.0,10000,40,256,,0.001,1
3830,synthetic,gated,0.5,pixelate,4,0.5507000088691711,0.44929999113082886,2.414987802505493,0.33315524458885193,0.33145153522491455,8.027478599999995,0.20068696499999988,0.948,10000,40,256,,0.001,1
3830,synthetic,gated,0.7,pixelate,4,0.5540000200271606,0.44599997997283936,2.377899169921875,0.33829131722450256,0.3245728611946106,8.24435120000021,0.20610878000000526,0.811,10000,40,256,,0.001,1
3830,synthetic,gated,0.9,pixelate,4,0.5559999942779541,0.4440000057220459,2.3503715991973877,0.34361279010772705,0.31998002529144287,8.213956399999915,0.2053489099999979,0.6435,10000,40,256,,0.001,1
3830,synthetic,source,,pixelate,5,0.1500999927520752,0.8499000072479248,7.601654052734375,0.2294439971446991,0.7714976072311401,4.363678599999957,0.10909196499999893,0.0,10000,40,256,,,
3830,synthetic,bn,,pixelate,5,0.3578999936580658,0.6421000063419342,3.431685209274292,0.5345390439033508,0.4533264636993408,4.234657299999981,0.10586643249999952,1.0,10000,40,256,,,
3830,synthetic,entropy,,pixelate,5,0.3986000120639801,0.6013999879360199,3.5688586235046387,0.39627036452293396,0.4608715772628784,7.594150999999783,0.1898537749999946,1.0,10000,40,256,,0.001,1
3830,synthetic,gated,0.5,pixelate,5,0.39419999718666077,0.6058000028133392,3.5976922512054443,0.40079960227012634,0.46312618255615234,7.806621599999971,0.19516553999999928,0.9267,10000,40,256,,0.001,1
3830,synthetic,gated,0.7,pixelate,5,0.39250001311302185,0.6074999868869781,3.5860531330108643,0.41092392802238464,0.4601987600326538,7.954046699999935,0.19885116749999837,0.7695,10000,40,256,,0.001,1
3830,synthetic,gated,0.9,pixelate,5,0.3889999985694885,0.6110000014305115,3.596102714538574,0.4198574125766754,0.45878368616104126,8.973295100000087,0.22433237750000218,0.5764,10000,40,256,,0.001,1
3830,synthetic,source,,jpeg,1,0.8194000124931335,0.18059998750686646,0.7415156364440918,0.19456423819065094,0.11144626885652542,7.767876299999898,0.19419690749999746,0.0,10000,40,256,,,
3830,synthetic,bn,,jpeg,1,0.8026000261306763,0.19739997386932373,0.8217513561248779,0.2275201380252838,0.11714395135641098,6.0206717999999455,0.15051679499999865,1.0,10000,40,256,,,
3830,synthetic,entropy,,jpeg,1,0.8238000273704529,0.17619997262954712,0.795637845993042,0.16255056858062744,0.11893802881240845,9.333793300000025,0.23334483250000063,1.0,10000,40,256,,0.001,1
3830,synthetic,gated,0.5,jpeg,1,0.8238000273704529,0.17619997262954712,0.7941012978553772,0.16370795667171478,0.11829808354377747,9.455648099999962,0.23639120249999906,0.9775,10000,40,256,,0.001,1
3830,synthetic,gated,0.7,jpeg,1,0.8245000243186951,0.17549997568130493,0.7925869822502136,0.16602830588817596,0.11610626429319382,9.4091856,0.23522964000000002,0.9118,10000,40,256,,0.001,1
3830,synthetic,gated,0.9,jpeg,1,0.8276000022888184,0.17239999771118164,0.7731226682662964,0.16702879965305328,0.111826591193676,9.271557199999961,0.23178892999999903,0.8202,10000,40,256,,0.001,1
3830,synthetic,source,,jpeg,2,0.7800999879837036,0.2199000120162964,0.9194825291633606,0.22960397601127625,0.13864445686340332,5.665936499999816,0.1416484124999954,0.0,10000,40,256,,,
3830,synthetic,bn,,jpeg,2,0.7669000029563904,0.23309999704360962,0.9943500757217407,0.2586739957332611,0.14193513989448547,5.920509000000038,0.14801272500000096,1.0,10000,40,256,,,
3830,synthetic,entropy,,jpeg,2,0.7953000068664551,0.20469999313354492,0.9366747140884399,0.18978208303451538,0.13734328746795654,9.762647500000185,0.2440661875000046,1.0,10000,40,256,,0.001,1
3830,synthetic,gated,0.5,jpeg,2,0.7950999736785889,0.20490002632141113,0.9379262924194336,0.19123587012290955,0.13715538382530212,9.96451130000014,0.24911278250000352,0.9753,10000,40,256,,0.001,1
3830,synthetic,gated,0.7,jpeg,2,0.791100025177002,0.20889997482299805,0.944909393787384,0.19523124396800995,0.13883793354034424,9.836297999999942,0.24590744999999856,0.8946,10000,40,256,,0.001,1
3830,synthetic,gated,0.9,jpeg,2,0.7943000197410583,0.20569998025894165,0.9372383952140808,0.19769413769245148,0.13404476642608643,9.419760600000018,0.23549401500000045,0.7866,10000,40,256,,0.001,1
3830,synthetic,source,,jpeg,3,0.720300018787384,0.27969998121261597,1.2318183183670044,0.2822718620300293,0.17967204749584198,5.547078600000077,0.13867696500000193,0.0,10000,40,256,,,
3830,synthetic,bn,,jpeg,3,0.7060999870300293,0.2939000129699707,1.3049262762069702,0.30687710642814636,0.18524911999702454,5.602736600000071,0.14006841500000178,1.0,10000,40,256,,,
3830,synthetic,entropy,,jpeg,3,0.7475000023841858,0.2524999976158142,1.1949918270111084,0.2233782261610031,0.17365998029708862,9.15683829999989,0.22892095749999725,1.0,10000,40,256,,0.001,1
3830,synthetic,gated,0.5,jpeg,3,0.7473999857902527,0.2526000142097473,1.19600248336792,0.22479523718357086,0.17292377352714539,9.32168129999991,0.23304203249999772,0.9667,10000,40,256,,0.001,1
3830,synthetic,gated,0.7,jpeg,3,0.7498999834060669,0.2501000165939331,1.1883798837661743,0.22527480125427246,0.16942055523395538,9.909139299999879,0.24772848249999696,0.8786,10000,40,256,,0.001,1
3830,synthetic,gated,0.9,jpeg,3,0.7509999871253967,0.24900001287460327,1.167504906654358,0.23087985813617706,0.16512414813041687,9.622262000000092,0.24055655000000228,0.7582,10000,40,256,,0.001,1
3830,synthetic,source,,jpeg,4,0.6294999718666077,0.37050002813339233,1.694885015487671,0.34289395809173584,0.24794802069664001,5.743328399999882,0.14358320999999705,0.0,10000,40,256,,,
3830,synthetic,bn,,jpeg,4,0.6425999999046326,0.35740000009536743,1.6727215051651,0.34802550077438354,0.235225111246109,5.874855199999956,0.1468713799999989,1.0,10000,40,256,,,
3830,synthetic,entropy,,jpeg,4,0.6793000102043152,0.3206999897956848,1.5965498685836792,0.2559773027896881,0.23043790459632874,9.349767800000109,0.2337441950000027,1.0,10000,40,256,,0.001,1
3830,synthetic,gated,0.5,jpeg,4,0.6800000071525574,0.3199999928474426,1.590748906135559,0.2575891315937042,0.22859081625938416,9.443537500000048,0.2360884375000012,0.9591,10000,40,256,,0.001,1
3830,synthetic,gated,0.7,jpeg,4,0.6820999979972839,0.31790000200271606,1.5883665084838867,0.26197341084480286,0.22410936653614044,9.841001799999958,0.24602504499999894,0.8587,10000,40,256,,0.001,1
3830,synthetic,gated,0.9,jpeg,4,0.6801999807357788,0.3198000192642212,1.576709270477295,0.26528871059417725,0.22445636987686157,9.452074200000197,0.23630185500000495,0.7223,10000,40,256,,0.001,1
3830,synthetic,source,,jpeg,5,0.4986000061035156,0.5013999938964844,2.5536859035491943,0.4261157810688019,0.3494011163711548,5.606297199999972,0.1401574299999993,0.0,10000,40,256,,,
3830,synthetic,bn,,jpeg,5,0.5404999852180481,0.4595000147819519,2.197641611099243,0.4327867329120636,0.3064407706260681,5.520863100000042,0.13802157750000105,1.0,10000,40,256,,,
3830,synthetic,entropy,,jpeg,5,0.5870000123977661,0.4129999876022339,2.127739667892456,0.3152545392513275,0.3012118935585022,9.087693299999955,0.22719233249999887,1.0,10000,40,256,,0.001,1
3830,synthetic,gated,0.5,jpeg,5,0.5896999835968018,0.41030001640319824,2.105642557144165,0.3165445327758789,0.29817742109298706,9.19677999999999,0.22991949999999975,0.949,10000,40,256,,0.001,1
3830,synthetic,gated,0.7,jpeg,5,0.5842000246047974,0.41579997539520264,2.1360597610473633,0.3224787414073944,0.3002229928970337,9.724067399999967,0.24310168499999918,0.8238,10000,40,256,,0.001,1
3830,synthetic,gated,0.9,jpeg,5,0.5831999778747559,0.41680002212524414,2.1376914978027344,0.32589441537857056,0.29867202043533325,9.658535799999981,0.24146339499999953,0.6609,10000,40,256,,0.001,1
